{ "value": 0.5555555555555556, "number": 10, 'discount_factor': 0.9883570088992302, 'actor_learning_rate': 6.076132172025038e-05, 'critic_learning_rate': 0.00916597129684763}
{ "value": 0.631578947368421, "number": 11, 'discount_factor': 0.9610825386056308, 'actor_learning_rate': 0.0913717351197318, 'critic_learning_rate': 0.08947543152740586}
{ "value": 0.8181818181818182, "number": 3, 'discount_factor': 0.9038851382403654, 'actor_learning_rate': 0.004105772886676912, 'critic_learning_rate': 3.286035916099961e-05}
{ "value": 0.84, "number": 25, 'discount_factor': 0.8879368672228165, 'actor_learning_rate': 0.00020013495477279566, 'critic_learning_rate': 4.797249918961825e-05}
{ "value": 0.8461538461538461, "number": 5, 'discount_factor': 0.9733584790551244, 'actor_learning_rate': 1.901848281469303e-05, 'critic_learning_rate': 2.2217029133375302e-05}
{ "value": 0.8518518518518519, "number": 16, 'discount_factor': 0.9495177422458811, 'actor_learning_rate': 0.0004066911559149759, 'critic_learning_rate': 0.00023947898332813813}
{ "value": 1.0, "number": 2, 'discount_factor': 0.9326908516293261, 'actor_learning_rate': 2.3947663451397003e-05, 'critic_learning_rate': 0.0007992182819053818}
{ "value": 1.0076923076923077, "number": 39, 'discount_factor': 0.8937818310985937, 'actor_learning_rate': 0.000583839408113425, 'critic_learning_rate': 4.073149534944675e-05}
{ "value": 1.013157894736842, "number": 31, 'discount_factor': 0.8994106411594062, 'actor_learning_rate': 0.004122356112239122, 'critic_learning_rate': 1.021574794175575e-05}
{ "value": 1.0344827586206897, "number": 17, 'discount_factor': 0.9937684374384121, 'actor_learning_rate': 0.0025505162702686426, 'critic_learning_rate': 0.022774768958424667}
{ "value": 1.0952380952380953, "number": 12, 'discount_factor': 0.837419384280651, 'actor_learning_rate': 0.04821817858063377, 'critic_learning_rate': 0.012169125463160046}
{ "value": 1.1007194244604317, "number": 40, 'discount_factor': 0.9128228683338037, 'actor_learning_rate': 3.2975913298048085e-05, 'critic_learning_rate': 0.000541329445939778}
{ "value": 1.1111111111111112, "number": 35, 'discount_factor': 0.9040538639995024, 'actor_learning_rate': 0.0006353599568417189, 'critic_learning_rate': 3.05904971492908e-05}
{ "value": 1.12, "number": 15, 'discount_factor': 0.8776816448295736, 'actor_learning_rate': 0.013889494872799614, 'critic_learning_rate': 0.0031234547980760023}
{ "value": 1.123456790123457, "number": 32, 'discount_factor': 0.8872016495167857, 'actor_learning_rate': 0.000327753904591107, 'critic_learning_rate': 1.8311384442608086e-05}
{ "value": 1.1363636363636365, "number": 13, 'discount_factor': 0.8620769709191385, 'actor_learning_rate': 0.01161338941062009, 'critic_learning_rate': 9.961232443475789e-05}
{ "value": 1.1428571428571428, "number": 6, 'discount_factor': 0.9341039481426904, 'actor_learning_rate': 0.0006760381810792907, 'critic_learning_rate': 0.0001403357957669322}
{ "value": 1.16, "number": 50, 'discount_factor': 0.8261030803405008, 'actor_learning_rate': 0.004669216900652361, 'critic_learning_rate': 6.580611063233503e-05}
{ "value": 1.167785234899329, "number": 41, 'discount_factor': 0.8609436948784114, 'actor_learning_rate': 0.001165100764513238, 'critic_learning_rate': 2.59440030126658e-05}
{ "value": 1.1958333333333333, "number": 48, 'discount_factor': 0.8815367672019616, 'actor_learning_rate': 0.07340352642960594, 'critic_learning_rate': 0.0009587576919591856}
{ "value": 1.1988304093567252, "number": 43, 'discount_factor': 0.8343784834467398, 'actor_learning_rate': 0.0003190642447188185, 'critic_learning_rate': 0.00016646336189713788}
{ "value": 1.2241379310344827, "number": 27, 'discount_factor': 0.8005721769147153, 'actor_learning_rate': 0.00040724611564185557, 'critic_learning_rate': 0.00013168804196923636}
{ "value": 1.2272727272727273, "number": 23, 'discount_factor': 0.8724915075072801, 'actor_learning_rate': 0.0007741122753739051, 'critic_learning_rate': 0.00025433193971550116}
{ "value": 1.2358490566037736, "number": 36, 'discount_factor': 0.8811482944617547, 'actor_learning_rate': 0.0013161668211071158, 'critic_learning_rate': 0.0001735672278377428}
{ "value": 1.236842105263158, "number": 21, 'discount_factor': 0.8420091683127466, 'actor_learning_rate': 0.023547980095083916, 'critic_learning_rate': 6.62822462357383e-05}
{ "value": 1.2377049180327868, "number": 38, 'discount_factor': 0.9231964261862031, 'actor_learning_rate': 8.259798737167655e-05, 'critic_learning_rate': 1.936986328109185e-05}
{ "value": 1.2404371584699454, "number": 44, 'discount_factor': 0.9819564024116539, 'actor_learning_rate': 9.324482309919573e-05, 'critic_learning_rate': 9.476793375599056e-05}
{ "value": 1.25, "number": 14, 'discount_factor': 0.8036943527254921, 'actor_learning_rate': 0.0002522417124826877, 'critic_learning_rate': 0.08490547292016405}
{ "value": 1.25, "number": 20, 'discount_factor': 0.8188552166267973, 'actor_learning_rate': 0.008042629862110982, 'critic_learning_rate': 1.094474026354792e-05}
{ "value": 1.25, "number": 4, 'discount_factor': 0.9164644226941512, 'actor_learning_rate': 1.8545341594591043e-05, 'critic_learning_rate': 0.0007835726305604576}
{ "value": 1.2529182879377432, "number": 49, 'discount_factor': 0.9273340835176258, 'actor_learning_rate': 0.0021862152963589157, 'critic_learning_rate': 0.00011397139026891476}
{ "value": 1.264367816091954, "number": 33, 'discount_factor': 0.8470236491160117, 'actor_learning_rate': 0.00014611469059575306, 'critic_learning_rate': 5.974058366418702e-05}
{ "value": 1.2678571428571428, "number": 47, 'discount_factor': 0.9035053090711389, 'actor_learning_rate': 0.00048180168760768104, 'critic_learning_rate': 3.66355049875291e-05}
{ "value": 1.2777777777777777, "number": 26, 'discount_factor': 0.8556799616874581, 'actor_learning_rate': 0.001530912079273612, 'critic_learning_rate': 0.001832472189789768}
{ "value": 1.2857142857142858, "number": 45, 'discount_factor': 0.8502526908168813, 'actor_learning_rate': 1.399553708563176e-05, 'critic_learning_rate': 0.0005924294982660185}
{ "value": 1.3, "number": 1, 'discount_factor': 0.8897212654585065, 'actor_learning_rate': 9.556076614734584e-05, 'critic_learning_rate': 0.003608373770811479}
{ "value": 1.303030303030303, "number": 29, 'discount_factor': 0.8696176251017517, 'actor_learning_rate': 0.0001043501887638029, 'critic_learning_rate': 0.0016686133635621517}
{ "value": 1.3047619047619048, "number": 46, 'discount_factor': 0.9634233605513133, 'actor_learning_rate': 0.0008732111031105916, 'critic_learning_rate': 1.4027269045556648e-05}
{ "value": 1.3064516129032258, "number": 28, 'discount_factor': 0.8173648342249613, 'actor_learning_rate': 4.002655295518722e-05, 'critic_learning_rate': 0.00039659280440048066}
{ "value": 1.3191489361702127, "number": 24, 'discount_factor': 0.8282335662724796, 'actor_learning_rate': 5.584411801828613e-05, 'critic_learning_rate': 0.00030661626284900304}
{ "value": 1.325, "number": 42, 'discount_factor': 0.8649106685133636, 'actor_learning_rate': 0.00019112920295823722, 'critic_learning_rate': 8.439643845225193e-05}
{ "value": 1.3333333333333333, "number": 7, 'discount_factor': 0.9234120341092465, 'actor_learning_rate': 0.0016336652041435043, 'critic_learning_rate': 0.0005624000316738299}
{ "value": 1.3508771929824561, "number": 37, 'discount_factor': 0.9419927705704653, 'actor_learning_rate': 0.002858175616602511, 'critic_learning_rate': 0.0011011785394669724}
{ "value": 1.3529411764705883, "number": 9, 'discount_factor': 0.9128135110131936, 'actor_learning_rate': 1.8318506958484696e-05, 'critic_learning_rate': 0.007330019441510501}
{ "value": 1.3548387096774193, "number": 18, 'discount_factor': 0.853232924727122, 'actor_learning_rate': 0.00013851534238635332, 'critic_learning_rate': 0.0033028097770429624}
{ "value": 1.3636363636363635,